method,EM,F1,Supporting_Title_Recall,Average_Reader_Confidence,Number_of_Examples
Vanilla RAG,0.24166666666666667,0.2955844155844156,0.6541666666666667,0.19998590877406766,120
Decomposition RAG,0.24166666666666667,0.29141774891774896,0.6583333333333333,0.21479560849292742,120
Entity-Aware Progressive RAG,0.24166666666666667,0.2969733044733045,0.6583333333333333,0.21932906652087297,120
